-- phpMyAdmin SQL Dump
-- version 5.2.1
-- https://www.phpmyadmin.net/
--
-- Host: 127.0.0.1
-- Generation Time: Feb 29, 2024 at 01:25 AM
-- Server version: 10.4.32-MariaDB
-- PHP Version: 8.2.12

SET SQL_MODE = "NO_AUTO_VALUE_ON_ZERO";
START TRANSACTION;
SET time_zone = "+00:00";


/*!40101 SET @OLD_CHARACTER_SET_CLIENT=@@CHARACTER_SET_CLIENT */;
/*!40101 SET @OLD_CHARACTER_SET_RESULTS=@@CHARACTER_SET_RESULTS */;
/*!40101 SET @OLD_COLLATION_CONNECTION=@@COLLATION_CONNECTION */;
/*!40101 SET NAMES utf8mb4 */;

--
-- Database: `ukk_ukom`
--

-- --------------------------------------------------------

--
-- Table structure for table `detailpenjualan`
--

CREATE TABLE `detailpenjualan` (
  `DetailID` int(11) NOT NULL,
  `PenjualanID` int(11) NOT NULL,
  `ProdukID` int(11) DEFAULT NULL,
  `JumblahProduk` int(11) NOT NULL,
  `Subtotal` decimal(10,2) NOT NULL
) ENGINE=InnoDB DEFAULT CHARSET=utf8mb4 COLLATE=utf8mb4_general_ci;

--
-- Dumping data for table `detailpenjualan`
--

INSERT INTO `detailpenjualan` (`DetailID`, `PenjualanID`, `ProdukID`, `JumblahProduk`, `Subtotal`) VALUES
(16, 9, 3, 7, 14000.00),
(18, 12, 12, 3, 2400000.00),
(19, 12, 12, 1, 11.00),
(23, 14, NULL, 0, 0.00);

-- --------------------------------------------------------

--
-- Table structure for table `pelanggan`
--

CREATE TABLE `pelanggan` (
  `PelangganID` int(11) UNSIGNED NOT NULL,
  `NamaPelanggan` varchar(255) NOT NULL,
  `Alamat` text NOT NULL,
  `NomorTelepon` varchar(15) NOT NULL
) ENGINE=InnoDB DEFAULT CHARSET=utf8mb4 COLLATE=utf8mb4_general_ci;

--
-- Dumping data for table `pelanggan`
--

INSERT INTO `pelanggan` (`PelangganID`, `NamaPelanggan`, `Alamat`, `NomorTelepon`) VALUES
(2802043405, 'Moch Ali Fikri', 'Galiss', '435456656'),
(2802070808, 'Fuad Ali', 'burneh', '7667'),
(2802071742, 'wahyu', 'Galis', '9999');

-- --------------------------------------------------------

--
-- Table structure for table `penjualan`
--

CREATE TABLE `penjualan` (
  `PenjualanID` int(11) NOT NULL,
  `TanggalPenjualan` date NOT NULL,
  `TotalHarga` decimal(10,2) NOT NULL,
  `PelangganID` int(11) UNSIGNED NOT NULL
) ENGINE=InnoDB DEFAULT CHARSET=utf8mb4 COLLATE=utf8mb4_general_ci;

--
-- Dumping data for table `penjualan`
--

INSERT INTO `penjualan` (`PenjualanID`, `TanggalPenjualan`, `TotalHarga`, `PelangganID`) VALUES
(9, '0000-00-00', 14000.00, 2802043405),
(12, '0000-00-00', 2400011.00, 2802070808),
(14, '0000-00-00', 0.00, 2802071742);

-- --------------------------------------------------------

--
-- Table structure for table `petugas`
--

CREATE TABLE `petugas` (
  `id_petugas` int(11) NOT NULL,
  `nama_petugas` varchar(255) NOT NULL,
  `username` text NOT NULL,
  `password` text NOT NULL,
  `level` int(11) NOT NULL
) ENGINE=InnoDB DEFAULT CHARSET=utf8mb4 COLLATE=utf8mb4_general_ci;

--
-- Dumping data for table `petugas`
--

INSERT INTO `petugas` (`id_petugas`, `nama_petugas`, `username`, `password`, `level`) VALUES
(1, 'admin', 'admin', '21232f297a57a5a743894a0e4a801fc3', 1),
(5, 'Eko', 'petugas', 'afb91ef692fd08c445e8cb1bab2ccf9c', 2);

-- --------------------------------------------------------

--
-- Table structure for table `produk`
--

CREATE TABLE `produk` (
  `ProdukID` int(11) NOT NULL,
  `NamaProduk` varchar(255) NOT NULL,
  `Harga` decimal(10,2) NOT NULL,
  `Stok` int(11) NOT NULL
) ENGINE=InnoDB DEFAULT CHARSET=utf8mb4 COLLATE=utf8mb4_general_ci;

--
-- Dumping data for table `produk`
--

INSERT INTO `produk` (`ProdukID`, `NamaProduk`, `Harga`, `Stok`) VALUES
(3, 'sabun GIV', 2000.00, 787876),
(4, 'H', 800000.00, 0),
(12, 'frutea', 11.00, 0),
(13, 'sabun ', 4344.00, 0);

--
-- Indexes for dumped tables
--

--
-- Indexes for table `detailpenjualan`
--
ALTER TABLE `detailpenjualan`
  ADD PRIMARY KEY (`DetailID`),
  ADD KEY `detailpenjualan` (`PenjualanID`),
  ADD KEY `ProdukID` (`ProdukID`);

--
-- Indexes for table `pelanggan`
--
ALTER TABLE `pelanggan`
  ADD PRIMARY KEY (`PelangganID`);

--
-- Indexes for table `penjualan`
--
ALTER TABLE `penjualan`
  ADD PRIMARY KEY (`PenjualanID`),
  ADD KEY `penjualan` (`PelangganID`);

--
-- Indexes for table `petugas`
--
ALTER TABLE `petugas`
  ADD PRIMARY KEY (`id_petugas`);

--
-- Indexes for table `produk`
--
ALTER TABLE `produk`
  ADD PRIMARY KEY (`ProdukID`);

--
-- AUTO_INCREMENT for dumped tables
--

--
-- AUTO_INCREMENT for table `detailpenjualan`
--
ALTER TABLE `detailpenjualan`
  MODIFY `DetailID` int(11) NOT NULL AUTO_INCREMENT, AUTO_INCREMENT=24;

--
-- AUTO_INCREMENT for table `pelanggan`
--
ALTER TABLE `pelanggan`
  MODIFY `PelangganID` int(11) UNSIGNED NOT NULL AUTO_INCREMENT, AUTO_INCREMENT=2802071743;

--
-- AUTO_INCREMENT for table `penjualan`
--
ALTER TABLE `penjualan`
  MODIFY `PenjualanID` int(11) NOT NULL AUTO_INCREMENT, AUTO_INCREMENT=15;

--
-- AUTO_INCREMENT for table `petugas`
--
ALTER TABLE `petugas`
  MODIFY `id_petugas` int(11) NOT NULL AUTO_INCREMENT, AUTO_INCREMENT=8;

--
-- AUTO_INCREMENT for table `produk`
--
ALTER TABLE `produk`
  MODIFY `ProdukID` int(11) NOT NULL AUTO_INCREMENT, AUTO_INCREMENT=14;

--
-- Constraints for dumped tables
--

--
-- Constraints for table `detailpenjualan`
--
ALTER TABLE `detailpenjualan`
  ADD CONSTRAINT `ProdukID` FOREIGN KEY (`ProdukID`) REFERENCES `produk` (`ProdukID`) ON DELETE CASCADE ON UPDATE CASCADE,
  ADD CONSTRAINT `detailpenjualan` FOREIGN KEY (`PenjualanID`) REFERENCES `penjualan` (`PenjualanID`) ON DELETE CASCADE ON UPDATE CASCADE;

--
-- Constraints for table `penjualan`
--
ALTER TABLE `penjualan`
  ADD CONSTRAINT `penjualan` FOREIGN KEY (`PelangganID`) REFERENCES `pelanggan` (`PelangganID`) ON DELETE CASCADE ON UPDATE CASCADE;
COMMIT;

/*!40101 SET CHARACTER_SET_CLIENT=@OLD_CHARACTER_SET_CLIENT */;
/*!40101 SET CHARACTER_SET_RESULTS=@OLD_CHARACTER_SET_RESULTS */;
/*!40101 SET COLLATION_CONNECTION=@OLD_COLLATION_CONNECTION */;
